score_version,system,metric,value,numerator,denominator,status
1,b0,todo_precision,1,1,1,ok
1,b0,todo_recall,1,1,1,ok
1,b0,todo_f1,1,2,2,ok
1,b0,announcement_precision,,0,0,undefined
1,b0,announcement_recall,0,0,1,ok
1,b0,announcement_f1,0,0,1,ok
1,b0,decision_precision,,0,0,undefined
1,b0,decision_recall,,0,0,undefined
1,b0,decision_f1,,0,0,undefined
1,b0,deadline_precision,1,1,1,ok
1,b0,deadline_recall,1,1,1,ok
1,b0,deadline_f1,1,2,2,ok
1,b0,ndcg_at_5,0.6131471927654584,,,ok
1,b0,p0_recall_at_5,0.5,1,2,ok
1,b0,ndcg_at_10,0.6131471927654584,,,ok
1,b0,p0_recall_at_10,0.5,1,2,ok
1,b0,snapshot_rejected_rate,0,0,2,ok
1,b0,snapshot_rejected_rate_after_filter,0,0,2,ok
1,b0,gold_messages,2,2,,ok
1,b0,gold_items,2,2,,ok
1,b0,snapshot_items,2,2,,ok
1,b0,scored_items,2,2,,ok
1,b0,thread_assignment_coverage,1,2,2,ok
1,b0,thread_exact_f1,1,2,2,ok
1,b0,thread_one_to_one,1,2,2,ok
1,b0,ari,1,,,ok
1,b0,nmi,1,,,ok
1,b0,raw_unsupported_rate,,,,unavailable_raw_proposals
1,b0,burst_purity,,,,not_implemented
1,b0,boundary_f1,,,,not_implemented
1,b0,mention_me_accuracy,,,,not_implemented
1,b0,manual_unsupported_rate,,,,not_implemented
1,b0,ece,,,,separate_calibrate_command
1,b0,brier,,,,separate_calibrate_command
1,b0,run_input_tokens,120,120,,ok
1,b0,run_output_tokens,80,80,,ok
1,b0,run_calls,1,1,,ok
1,b0,run_cache_hits,0,0,,ok
1,b0,run_elapsed_ms,847,847,,ok
1,b0,run_estimated_cost_usd,0.000132,,,ok
